{"acc": 0.8586956521739131, "f1": 0.8578728461081402, "roc_auc": 0.8605930176948828}