{"acc": 0.8804347826086957, "f1": 0.8795986622073578, "roc_auc": 0.8817949944205324}